Sample,Chr,Pos,Ref,Alt,Frequency,Depth
Sample_19,Pt,101889,G,A,0.833,4
Sample_19,Pt,101907,G,T,0.833,4
Sample_19,Pt,101908,C,G,0.833,4
Sample_19,Pt,101915,T,A,0.833,4
Sample_20,Pt,110082,A,C,0.082,599
Sample_4,Pt,36321,T,C,0.667,1
Sample_6,Pt,57385,T,A,0.012,3582
Sample_6,Pt,110084,T,A,0.043,236
Sample_7,Pt,101889,G,A,0.944,16
Sample_8,Pt,101889,G,A,0.75,2
Sample_8,Pt,101907,G,T,0.75,2
Sample_8,Pt,101908,C,G,0.75,2
Sample_8,Pt,101915,T,A,0.75,2
Sample_8,Pt,110082,A,C,0.294,339
Sample_c61,Pt,8150,A,G,0.333,4
Sample_c61,Pt,8177,A,T,0.286,5
Sample_c63,Pt,36334,T,C,0.138,15
Sample_c63,Pt,110082,A,C,0.021,652
Sample_c64,Pt,80888,T,G,0.012,1337
Sample_c65,Pt,57385,T,A,0.011,3042
Sample_c81,Pt,80888,T,G,0.011,1599
Sample_c91,Pt,110084,T,A,0.015,435
Sample_Ler_XL_4,Pt,2734,G,A,1,8339
Sample_Ler_XL_4,Pt,4870,G,T,1,3580
Sample_Ler_XL_4,Pt,5705,A,C,1,7568
Sample_Ler_XL_4,Pt,5943,A,G,1,8076
Sample_Ler_XL_4,Pt,8008,A,T,0.998,1871
Sample_Ler_XL_4,Pt,8166,C,A,0.979,47
Sample_Ler_XL_4,Pt,8502,A,T,0.987,4267
Sample_Ler_XL_4,Pt,12831,G,A,1,6991
Sample_Ler_XL_4,Pt,16052,C,T,1,8233
Sample_Ler_XL_4,Pt,17823,T,G,1,8481
Sample_Ler_XL_4,Pt,23915,T,G,1,8668
Sample_Ler_XL_4,Pt,26999,G,T,1,6864
Sample_Ler_XL_4,Pt,27538,C,A,1,6929
Sample_Ler_XL_4,Pt,30175,A,C,0.999,8149
Sample_Ler_XL_4,Pt,31912,A,C,1,7446
Sample_Ler_XL_4,Pt,36798,T,C,1,7440
Sample_Ler_XL_4,Pt,37256,G,C,1,8474
Sample_Ler_XL_4,Pt,46474,A,C,1,7009
Sample_Ler_XL_4,Pt,46541,T,G,1,6486
Sample_Ler_XL_4,Pt,50688,T,A,1,6986
Sample_Ler_XL_4,Pt,57385,T,A,0.022,7114
Sample_Ler_XL_4,Pt,58549,A,G,1,8299
Sample_Ler_XL_4,Pt,65250,T,C,1,7123
Sample_Ler_XL_4,Pt,65545,T,G,1,7583
Sample_Ler_XL_4,Pt,66723,C,A,1,4334
Sample_Ler_XL_4,Pt,67315,C,A,1,7528
Sample_Ler_XL_4,Pt,67857,C,T,1,7835
Sample_Ler_XL_4,Pt,69342,G,A,1,8672
Sample_Ler_XL_4,Pt,69347,A,G,1,8672
Sample_Ler_XL_4,Pt,72592,T,G,1,7593
Sample_Ler_XL_4,Pt,74255,C,T,1,8261
Sample_Ler_XL_4,Pt,80688,T,G,1,8196
Sample_Ler_XL_4,Pt,82349,A,C,1,8183
Sample_Ler_XL_4,Pt,83321,G,A,1,8435
Sample_Ler_XL_4,Pt,113770,G,T,1,7136
Sample_Ler_XL_4,Pt,115009,T,A,0.999,7410
Sample_Ler_XL_4,Pt,115010,T,A,0.013,7423
Sample_Ler_XL_4,Pt,125515,T,G,1,6367
Sample_Ler_XL_4,Pt,128183,G,T,1,6613
