Progeny,Chr,Pos,Ref,Alt,AF,Source
Sample_19,Pt,101889,G,A,0.833,Novel
Sample_19,Pt,101907,G,T,0.833,Novel
Sample_19,Pt,101908,C,G,0.833,Novel
Sample_19,Pt,101915,T,A,0.833,Novel
Sample_20,Pt,110082,A,C,0.082,Novel
Sample_4,Pt,36321,T,C,0.667,Novel
Sample_6,Pt,57385,T,A,0.012,Father
Sample_6,Pt,110084,T,A,0.043,Novel
Sample_7,Pt,101889,G,A,0.944,Novel
Sample_8,Pt,101889,G,A,0.75,Novel
Sample_8,Pt,101907,G,T,0.75,Novel
Sample_8,Pt,101908,C,G,0.75,Novel
Sample_8,Pt,101915,T,A,0.75,Novel
Sample_8,Pt,110082,A,C,0.294,Novel
Sample_c61,Pt,8150,A,G,0.333,Novel
Sample_c61,Pt,8177,A,T,0.286,Novel
Sample_c63,Pt,36334,T,C,0.138,Novel
Sample_c63,Pt,110082,A,C,0.021,Novel
Sample_c64,Pt,80888,T,G,0.012,Novel
Sample_c65,Pt,57385,T,A,0.011,Father
Sample_c81,Pt,80888,T,G,0.011,Novel
Sample_c91,Pt,110084,T,A,0.015,Novel
