Pt	2734	G	A	./.	0/1	1
Pt	4870	G	T	./.	0/1	1
Pt	5705	A	C	./.	0/1	1
Pt	5943	A	G	./.	0/1	1
Pt	7994	TTA	T	0/1	./.	2
Pt	8008	A	T	./.	1|0	1
Pt	8166	C	A	./.	0/1	1
Pt	8397	T	TTTTTA	./.	0/1	5
Pt	8502	A	T	./.	0/1	1
Pt	9666	A	AAATATC	./.	0/1	6
Pt	9715	T	TATATAATA	./.	0/1	8
Pt	12831	G	A	./.	0|1	1
Pt	12842	CT	C	0/1	./.	1
Pt	16041	G	GT	./.	0|1	1
Pt	16052	C	T	./.	0|1	1
Pt	17823	T	G	./.	0/1	1
Pt	23915	T	G	./.	0/1	1
Pt	26999	G	T	./.	0/1	1
Pt	27343	C	CTA	./.	0/1	2
Pt	27538	C	A	./.	0/1	1
Pt	28267	AT	A	0/1	./.	1
Pt	30175	A	C	./.	0/1	1
Pt	30666	AT	A	0/1	./.	1
Pt	31308	AAT	A	0/1	./.	2
Pt	31912	A	C	./.	0/1	1
Pt	32369	GA	G	0/1	./.	1
Pt	36692	GA	G	0/1	./.	1
Pt	36798	T	C	./.	0/1	1
Pt	37256	G	C	./.	0/1	1
Pt	44138	G	GAAGA	./.	0/1	4
Pt	46474	A	C	./.	0/1	1
Pt	46541	T	G	./.	0/1	1
Pt	49174	C	CT	./.	0/1	1
Pt	50688	T	A	./.	0/1	1
Pt	57385	T	A	./.	0/1	1
Pt	58549	A	G	./.	0/1	1
Pt	58838	ATTCTAAT	A	./.	0/1	7
Pt	59046	T	TTTCTA	./.	0/1	5
Pt	65250	T	C	./.	0/1	1
Pt	65545	T	G	./.	0/1	1
Pt	66723	C	A	./.	0/1	1
Pt	67163	TG	T	0/1	./.	1
Pt	67315	C	A	./.	0|1	1
Pt	67857	C	T	./.	0/1	1
Pt	69342	G	A	./.	0|1	1
Pt	69347	A	G	./.	0|1	1
Pt	72592	T	G	./.	0/1	1
Pt	74142	AT	A	0/1	./.	1
Pt	74255	C	T	./.	0/1	1
Pt	80688	T	G	./.	0/1	1
Pt	82189	A	ATTTGTT	./.	0/1	6
Pt	82349	A	C	./.	0/1	1
Pt	83321	G	A	./.	0/1	1
Pt	112668	T	TA	./.	0/1	1
Pt	112742	G	GATTTCAA	./.	0/1	7
Pt	113770	G	T	./.	0/1	1
Pt	114999	T	TA	./.	0/1	1
Pt	115009	T	A	./.	0/1	1
Pt	115010	T	A	./.	0/1	1
Pt	115475	TAAATAAAA	T	./.	0/1	8
Pt	120674	TA	T	0/1	./.	1
Pt	125515	T	G	./.	0/1	1
Pt	128183	G	T	./.	0/1	1
