Pt	2734	G	A
Pt	4870	G	T
Pt	5705	A	C
Pt	5943	A	G
Pt	7994	TTA	T
Pt	8008	A	T
Pt	8166	C	A
Pt	8397	T	TTTTTA
Pt	8501	TA	T
Pt	8502	A	T
Pt	9666	A	AAATATC
Pt	9715	T	TATATAATA
Pt	12831	G	A
Pt	12842	CT	C
Pt	16041	G	GT
Pt	16052	C	T
Pt	17823	T	G
Pt	23915	T	G
Pt	26999	G	T
Pt	27343	C	CTA
Pt	27538	C	A
Pt	28267	AT	A
Pt	30175	A	C
Pt	30666	AT	A
Pt	31308	AAT	A
Pt	31912	A	C
Pt	32369	GA	G
Pt	36692	GA	G
Pt	36798	T	C
Pt	37256	G	C
Pt	44138	G	GAAGA
Pt	46474	A	C
Pt	46541	T	G
Pt	49174	C	CT
Pt	50688	T	A
Pt	57385	T	A
Pt	58549	A	G
Pt	58838	ATTCTAAT	A
Pt	59046	T	TTTCTA
Pt	65250	T	C
Pt	65545	T	G
Pt	66723	C	A
Pt	67163	TG	T
Pt	67315	C	A
Pt	67857	C	T
Pt	69342	G	A
Pt	69347	A	G
Pt	72592	T	G
Pt	74142	AT	A
Pt	74255	C	T
Pt	80688	T	G
Pt	82189	A	ATTTGTT
Pt	82349	A	C
Pt	83321	G	A
Pt	112668	T	TA
Pt	112742	G	GATTTCAA
Pt	113770	G	T
Pt	115009	T	A
Pt	115475	TAAATAAAA	T
Pt	120674	TA	T
Pt	125515	T	G
Pt	128183	G	T
