Sample_18	Pt	101908	C	G	0.667	1
Sample_c95	Pt	144731	T	G	0.667	1
Sample_c94	Pt	8596	G	A	0.013	5342
Sample_5	Pt	8597	A	T	0.011	1355
Sample_5	Pt	8596	G	A	0.011	1349
Sample_18	Pt	101915	T	A	0.667	1
Sample_c95	Pt	144652	T	G	0.667	1
Sample_c95	Pt	144723	A	G	0.667	1
Sample_c81	Pt	8597	A	T	0.018	1937
Sample_c81	Pt	8596	G	A	0.017	1920
Sample_14	Pt	8568	T	C	0.012	1150
Sample_c95	Pt	144691	G	A	0.75	2
Sample_8	Pt	8597	A	T	0.012	1084
Sample_c95	Pt	144644	A	C	0.667	1
Sample_c95	Pt	144604	T	C	0.667	1
Sample_c95	Pt	144655	T	G	0.667	1
Sample_c95	Pt	144692	G	T	0.75	2
Sample_8	Pt	8596	G	A	0.012	1078
Sample_c95	Pt	144671	G	A	0.75	2
Sample_c95	Pt	144693	C	T	0.75	2
Sample_18	Pt	101889	G	A	0.667	1
Sample_18	Pt	101907	G	T	0.667	1
Sample_c94	Pt	8597	A	T	0.013	5369
